PS Number,Submissions,Organization,Theme,Title
SIH26116,25/500,"Autodesk","Miscellaneous","Urban Mixed-Use Design Challenge-Design a centrally located mixed-use building in Autodesk Revit with commercial spaces (Ground + 1st floor) and residential units (up to 8 floors). 1 Level of Basement (Car Parking + EV Charging), Total (B+G+9)(Note: Plot size and all required dimensions may be assumed by students (in mm units)."
SIH26120,30/500,"Oil India Limited","Smart Automation","Digital Twin for Well-to-Surface Optimization of Cyclic Steam Stimulation (CSS) and Sucker Rod Pump (SRP) Operations for Heavy Oil Wells of Baghewala Field."
SIH26084,32/500,"Ministry of Earth Sciences (MoES)","Disaster Management","Convective scale nowcasting for Thunderstorms, Hail & Cloudbursts (06 hr)"
SIH26148,32/500,"National Technical Research Organisation (NTRO)","Blockchain & Cybersecurity","Creation of scripts/functions with new programming language to commence Computer & Network forensic analysis without triggering security solutions"
SIH26072,33/500,"Ministry of Earth Sciences (MoES)","Disaster Management","AIML based Nowcasting of thunderstorm and lightning using atmospheric observation including multiple radars, satellite, lightning and model data."
SIH26114,33/500,"Autodesk","Miscellaneous","Smart City Site Planning using Autodesk Forma Site Design"
SIH26121,34/500,"Oil India Limited","Smart Automation","eRTMAC-NWIS (Nearby Wells Intelligence System): An AI-Powered Offset Well Knowledge and Decision Support Platform for Drilling Operations"
SIH26163,34/500,"National Technical Research Organisation (NTRO)","Smart Automation","Security Assessment of the World Monitor application"
SIH26080,36/500,"Ministry of Earth Sciences (MoES)","Smart Automation","Regime-Aware AI Post-Processing of Monsoon Rainfall Forecasts"
SIH26086,36/500,"Ministry of Earth Sciences (MoES)","Agriculture, FoodTech & Rural Development","Hyperlocal Monsoon Onset & Break Prediction System (Block/Village Scale)"
SIH26119,36/500,"Mangalore Refinery and Petrochemicals Limited (MRPL)","Smart Automation","Indigenous GPU-Accelerated Optimization Solver (Sovereign Alternative to Express / CEPLEX)"
SIH26081,37/500,"Ministry of Earth Sciences (MoES)","Disaster Management","Hybrid AI–NWP Multi-Model Forecast Blending System"
SIH26074,39/500,"Ministry of Earth Sciences (MoES)","Agriculture, FoodTech & Rural Development","Downscaling of weather forecast from Block level to Panchayat level: Inferring high-resolution plots/ data/ information from low-resolution plot /data /information /variables for agro-meteorological advisory services."
SIH26160,40/500,"National Technical Research Organisation (NTRO)","Blockchain & Cybersecurity","AI-Powered IPsec VPN Protocol Analyzer and Security Assessment Framework"
SIH26150,41/500,"National Technical Research Organisation (NTRO)","Blockchain & Cybersecurity","Development of a Multi-Vendor DVR/NVR Forensic Analysis Tool for Standardized Acquisition, Recovery, and Analysis of Surveillance Evidence."
SIH26228,41/500,"Ministry of defence (MoD)","Blockchain & Cybersecurity","Trustworthy Computer Vision Integrity Assurance for Data, Models and Inference Outputs in Multi-Contributor Pipelines"
SIH26141,42/500,"Egreen Quanta","Blockchain & Cybersecurity","Quantum-Inspired Cyber Threat Detection for Digital Signature Security"
SIH26079,47/500,"Ministry of Earth Sciences (MoES)","Smart Automation","AI-Based Forecast Bust Detection for Medium-Range Weather Forecasts"
SIH26182,47/500,"Ministry of Home Affairs","Blockchain & Cybersecurity","Automated Attribution of Unknown Cryptocurrency Wallets to Nearest Virtual Asset Service Providers (VASPs) through Blockchain Intelligence APIs"
SIH26138,48/500,"Egreen Quanta","Clean & Green Technology","Quantum-Inspired Fuel Consumption Prediction and Green Fleet Optimization"
SIH26147,48/500,"National Technical Research Organisation (NTRO)","Space Technology","Automated model for analysis of .IQ and .wav files along with signal parameter extraction"
SIH26157,48/500,"National Technical Research Organisation (NTRO)","Blockchain & Cybersecurity","Supervisory Analytics Tool for SOC Assessment (SAT-SA)"
SIH26078,49/500,"Ministry of Earth Sciences (MoES)","Smart Automation","AI-Driven Spatio-Temporal Tracking of Extreme Weather Anomalies in Medium-Range Forecasts"
SIH26013,50/500,"Ministry of Rural Development","Smart Automation","Automated lntegration and lntelligent Harmonization of Multi-source Geospatial Data for urban Land Record Management."
SIH26063,50/500,"Ministry of Earth Sciences (MoES)","Smart Education","Integrated Polar Science Outreach, Knowledge Repository and Media Dissemination Portal"
SIH26126,50/500,"Bharat Electronics Limited","Smart Automation","Vision Based Autonomous Navigation for Unmanned Ground Vehicle for Outdoor environment"
SIH26237,51/500,"Ministry of Defence","Blockchain & Cybersecurity","Cryptographic Attribution and Immutable Decryption Provenance for Multi-Recipient Encrypted Document Distribution"
SIH26111,52/500,"Ministry of Fisheries, Animal Husbandry & Dairying","Agriculture, FoodTech & Rural Development","Smart Al-Enabled Rapid Feed and Silage Quality Testing System for Dairy Farmers"
SIH26169,52/500,"Indian Space Research Organisation(ISRO)","Smart Automation","Development of an AI-Based Virtual Camera Tracking System for Coarse Alignment of Mobile Free Space Optical Communication (FSOC) Terminals"
SIH26201,53/500,"AICTE","Robotics and Drones","Student Innovation-There is a need to design drones and robots that can solve some of the pressing challenges of India such as handling medical emergencies, search and rescue operations, etc."
SIH26161,54/500,"National Technical Research Organisation (NTRO)","Disaster Management","Dam Break Inundation Modelling Using Hydrodynamic Modelling of any River"
SIH26077,56/500,"Ministry of Earth Sciences (MoES)","Disaster Management","AI-Driven Hyper-Local Early Warning System for Severe Weather Nowcasting"
SIH26041,57/500,"Government of Jharkhand","Smart Education","AR-Based Vocational Training Simulator for Industrial Safety in Jharkhand's Mining & Manufacturing Sector"
SIH26123,57/500,"Bharat Electronics Limited","Smart Automation","Edge-AI Based Distributed Fleet Coordination for Autonomous Mobile Robots (AMRs) in Smart Warehouses"
SIH26155,58/500,"National Technical Research Organisation (NTRO)","Blockchain & Cybersecurity","AI-Driven Multi-Vendor Network Security Compliance Auditor"
SIH26053,59/500,"DRDO","Smart Vehicles","Adaptive Variable Resolution 2.5D Lidar Mapping for Dynamic Environment Perception"
SIH26170,60/500,"Indian Space Research Organisation(ISRO)","Smart Automation","AI-Driven Anomaly Detection in Component Burn-In & Screening"
SIH26015,61/500,"Ministry of Rural Development","Agriculture, FoodTech & Rural Development","Application of Geospatial Techniques for visualization and analysis to interpret Geo-Coded lmages to enhance watershed Development Outcomes."
SIH26159,61/500,"National Technical Research Organisation (NTRO)","Blockchain & Cybersecurity","SecureMailScope: AI-Assisted Cryptographic Security Posture Assessment for Secure Email Communications"
SIH26194,61/500,"AICTE","Blockchain & Cybersecurity","Student Innovation-Provide ideas in a decentralized and distributed ledger technology used to store digital information that powers cryptocurrencies and NFTs and can radically change multiple sectors."
SIH26156,64/500,"National Technical Research Organisation (NTRO)","Blockchain & Cybersecurity","Universal Log Pre-processing Framework"
SIH26240,64/500,"Ministry of Tribal Affairs","Agriculture, FoodTech & Rural Development","AI-Based Spring Revival and Recharge Planning for Tribal Areas"
SIH26164,65/500,"National Technical Research Organisation (NTRO)","Blockchain & Cybersecurity","Enterprise Cryptographic Discovery & Analysis Tool (ECDAT)"
SIH26097,66/500,"Ministry of Social Justice and Empowerment (MoSJE)","Agriculture, FoodTech & Rural Development","AI-Driven voice Assistant for livelihood Mapping and NSQF-Aligned Skilling Recommendations for SC Communities under GIA component of PM-AJAY"
SIH26146,66/500,"National Technical Research Organisation (NTRO)","Blockchain & Cybersecurity","AI-Powered Monitoring & Analysis of Bitcoin Transaction Traffic"
SIH26019,69/500,"Ministry of Rural Development","Smart Automation","National Digital Platform for Research, Policy Innovation, and Evidence-Based Land Governance"
SIH26149,70/500,"National Technical Research Organisation (NTRO)","Blockchain & Cybersecurity","Design and Development of an Integrated Secure Data Erasure and Advanced File Recovery Tool for Digital Forensics and Data Sanitization"
SIH26023,71/500,"Ministry of Coal","Smart Automation","AI-Powered Geological, Mining and other Reporting Solution for CMPDI/CIL subsidiaries"
SIH26174,71/500,"Indian Space Research Organisation(ISRO)","Space Technology","AI Human Activity Recognition for On-board BAS Experiments"
SIH26060,72/500,"Ministry of Earth Sciences (MoES)","Smart Automation","Digital Platform for efficient remote management of Indian Antarctic Research Stations"
SIH26082,72/500,"Ministry of Earth Sciences (MoES)","Clean & Green Technology","Air Pollution–Weather Coupled Forecasting System (Delhi NCR Focus)"
SIH26035,73/500,"Ministry of Consumer Affairs, Food & Public Distribution","Miscellaneous","Development of a Software Program/Application for Generation of Test Reports for Non-Automatic Weighing Instruments (NAWI) as per OIML Recommendation R- 76"
SIH26012,74/500,"Ministry of Rural Development","Smart Automation","AI-Based Automated Urban Parcel Mapping and Cadastral Feature Extraction System using Drone lmagery"
SIH26151,74/500,"National Technical Research Organisation (NTRO)","Blockchain & Cybersecurity","Dark web threat actor de-anonymization"
SIH26066,75/500,"Ministry of Earth Sciences (MoES)","Disaster Management","OceanEmbed - Satellite Embedding-Based Deep Learning Framework for Reconstruction of Subsurface Ocean Temperature from Surface Satellite Observations."
SIH26142,75/500,"National Technical Research Organisation (NTRO)","Space Technology","Deep Learning Based Super Resolution Mapping (SRM) from Medium Resolution Satellite Imageries"
SIH26175,75/500,"Indian Space Research Organisation(ISRO)","Disaster Management","DepthWizard - Single-View Height Estimation and 3D Flythrough"
SIH26227,75/500,"Ministry of defence (MoD)","Space Technology","Semantic Retrieval and Multi-Temporal Change Analysis of Satellite lmagery."
SIH26061,77/500,"Ministry of Earth Sciences (MoES)","Clean & Green Technology","AI-Driven Smart Energy Management System for Polar Research Stations"
SIH26173,77/500,"Indian Space Research Organisation(ISRO)","Smart Automation","iTantra -Indian Multilingual TTS & STT Aided Neural Transceiver Radio Access for low bitrate links"
SIH26154,78/500,"National Technical Research Organisation (NTRO)","Blockchain & Cybersecurity","Gen AI Platform for Automated Content Transformation"
SIH26203,78/500,"AICTE","Smart Vehicles","Student Innovation-Creating intelligent devices to improve commutation sector."
SIH26137,81/500,"Egreen Quanta","Transportation & Logistics","Quantum-Inspired Intelligent Traffic Route Optimization in Transportation Systems Using Metaheuristic Optimization"
SIH26099,83/500,"Ministry of Petroleum & Natural Gas","Smart Automation","AI-Driven Standardization and Harmonization of Material Codes Across CPSEs"
SIH26209,83/500,"AICTE","Space Technology","Student Innovation-Space technology refers to the application of engineering principles to the design, development, manufacture, and operation of devices and systems for space travel and exploration."
SIH26062,85/500,"Ministry of Earth Sciences (MoES)","Smart Automation","Integrated Polar Expedition Logistics and Asset Management System"
SIH26051,87/500,"DRDO","Miscellaneous","Software Based Model Development for Design of Area Specific Shelter for Thermal Comfort Maintenance."
SIH26055,87/500,"DRDO","Robotics and Drones","Smart Scan strategy for Electronic Warfare"
SIH26067,87/500,"Ministry of Earth Sciences (MoES)","Disaster Management","Develop a web-based interactive 3D visualization platform that integrates numerical ocean model outputs and in-situ observations."
SIH26130,87/500,"Government Of Maharashtra","Miscellaneous","Efficiency in streamlining industrial approvals,compliance processes,and access to government support services"
SIH26140,87/500,"Egreen Quanta","Smart Education","AI-Based Interactive Quantum Algorithm Learning Platform"
SIH26238,87/500,"Ministry of Tribal Affairs","Smart Automation","Unified Scholarship Mobile Application for Tribal Students"
SIH26105,90/500,"All India Council for Technical Education (Cyber Security Cell)","Blockchain & Cybersecurity","AI-Powered Continuous Cyber Risk Quantification and Investment Optimization Platform"
SIH26152,90/500,"National Technical Research Organisation (NTRO)","Blockchain & Cybersecurity","Social Media Analytics"
SIH26046,93/500,"Ministry of Ayush","MedTech / BioTech / HealthTech","AIIA Clinical Trials Dashboard - a real-time, cloud-based, GCP-compliant Clinical Trial Management System (CTMS) for Ayurveda research, with CDISC/FHIR-interoperable data, role-based KPIs, and integrated ethics, regulatory (CTRI / NDCT Rules 2019) and pharma covigilance tracking."
SIH26014,96/500,"Ministry of Rural Development","Agriculture, FoodTech & Rural Development","An lntegrated GIS-based Digital Public lnfrastructure for Land Governance"
SIH26059,97/500,"Ministry of Earth Sciences (MoES)","Transportation & Logistics","AI-Enabled Antarctic Sea-Ice, Iceberg Trajectory, and Navigation Decision Support System"
SIH26115,100/500,"Autodesk","MedTech / BioTech / HealthTech","Design and Develop a Smart Mobile Medical-Waste Collection and Segregation System"
SIH26136,100/500,"Government Of Maharashtra","Miscellaneous","Startup friendly public procurement mechanism that enables government departments to identify,pilot, procure,and scale innovative solutions from eligible startups"
SIH26083,101/500,"Ministry of Earth Sciences (MoES)","Disaster Management","Extreme Heatwave Early Warning and Human Thermal Stress Index"
SIH26069,102/500,"Ministry of Earth Sciences (MoES)","Disaster Management","National Weather Big Data Analytics Platform"
SIH26122,103/500,"Oil India Limited","Smart Automation","Intelligent Data Capture & Schedule-Linking Layer for Infrastructure Project Management: Real-Time Actual Progress Tracking (Planning-to-Execution Bridge)"
SIH26158,103/500,"National Technical Research Organisation (NTRO)","Robotics and Drones","Single-Pass Drone Video to Accurate 3D Model Generation System"
SIH26183,103/500,"Ministry of Home Affairs","Blockchain & Cybersecurity","Real-Time Identification of Fraud-Linked Cryptocurrency Exchanges from Victim-Reported Suspect Wallet Addresses through Automated Blockchain Analytics"
SIH26231,104/500,"Ministry of Home Affairs","MedTech / BioTech / HealthTech","Digital Companion for Field Drug Testing"
SIH26011,105/500,"Ministry of Rural Development","Smart Automation","3D ULPIN Generation and vertical Property Mapping SYstem"
SIH26239,105/500,"Ministry of Tribal Affairs","Smart Education","AI-Enabled Scholarship and Fellowship Management System for Scheduled Tribes"
SIH26031,107/500,"Ministry of Consumer Affairs, Food & Public Distribution","Smart Automation","Quality assessment and grading of onions are often subjective and vary across procurement centers, resulting in disputes and inconsistencies."
SIH26236,107/500,"Ministry of Food Processing Industries (MoFPI)","Agriculture, FoodTech & Rural Development","Al-Based Intelligent Food Packaging Material Recommendation System for Food Commodities"
SIH26073,110/500,"Ministry of Earth Sciences (MoES)","Disaster Management","AI/ML-Based Intelligent Anomaly Detection for Automatic Weather Stations (AWS)"
SIH26071,112/500,"Ministry of Earth Sciences (MoES)","Disaster Management","AI/ML-Based Integrated heavy rainfall Early Warning and Inundation Prediction System using Satellite, Radar, observational Weather and numerical weather prediction model data."
SIH26234,112/500,"Ministry of Food Processing Industries (MoFPI)","Agriculture, FoodTech & Rural Development","Al-Powered Smart Food Waste Reduction and Sustainable Redistribution Ecosystem for Institutional Kitchens and Food Processing Units"
SIH26108,113/500,"Ministry of Consumer Affairs, Food & Public Distribution","Smart Automation","AI-Powered Recommendation Engine for Identifying Applicable Indian Standards for Procurement Specifications"
SIH26125,116/500,"Bharat Electronics Limited","Blockchain & Cybersecurity","Blockchain-Based Secure Platform for Identity,Access Control, and Digital Asset Management"
SIH26186,117/500,"Ministry of Home Affairs","MedTech / BioTech / HealthTech","AI-Based Predictive Personnel Stress and Welfare Monitoring System for Uniformed Forces"
SIH26093,118/500,"Ministry of Social Justice and Empowerment (MoSJE)","MedTech / BioTech / HealthTech","AI-Based Real-Time Stress and Trauma Assessment Module for Victims/Complainants Accessing NHAA (14566) and Integrated Portal"
SIH26017,121/500,"Ministry of Rural Development","Smart Automation","Predictive Analytics System for Early Detection of Land Acquisition Delays"
SIH26024,123/500,"Ministry of Coal","Smart Automation","AI-Based Smart Governance and Compliance Monitoring System for Coal Mines"
SIH26139,123/500,"Egreen Quanta","MedTech / BioTech / HealthTech","Hybrid Quantum Machine Learning Platform for Early Disease Detection"
SIH26165,128/500,"Oil India Limited","Smart Automation","AI/NLP Engine to Detect Serious Injury & Fatality (SIF) Precursors in OIL's Unsafe-Act/Unsafe-Condition and Near-Miss Reports"
SIH26166,128/500,"Indian Space Research Organisation(ISRO)","Space Technology","Multi-modal, Sun angle and scale invariant image correspondence using Chandrayaan-2 optical images (OHRC, TMC and IIRS)"
SIH26076,129/500,"Ministry of Earth Sciences (MoES)","Smart Automation","Development of personalized homepage for 'Mausam' mobile application:"
SIH26021,130/500,"Ministry of MSME","Agriculture, FoodTech & Rural Development","Honey Chain: A block chain-based system for honey traceability and smart beekeeping management."
SIH26200,131/500,"AICTE","Renewable / Sustainable Energy","Student Innovation-Innovative ideas that help manage and generate renewable /sustainable sources more efficiently"
SIH26016,133/500,"Ministry of Rural Development","Smart Automation","Real-Time National Land Acquisition & Management System for End-to-End Digital Monitoring and Decision Support"
SIH26208,136/500,"AICTE","Toys & Games","Student Innovation-Challenge your creative mind to conceptualize and develop unique toys and games based on our civilization, history, and culture etc."
SIH26128,137/500,"Government Of Maharashtra","MedTech / BioTech / HealthTech","Efficient systems for early detection,prevention,and management of livestock diseases and animal health issues"
SIH26009,138/500,"Ministry of Steel","Space Technology","Using AI/ML and Space Technology to Identify Manganese Reserves and Overcome Production Shortfalls."
SIH26070,144/500,"Ministry of Earth Sciences (MoES)","Disaster Management","To develop an Artificial Intelligence (AI) / Machine Learning (ML) based system for identification, classification, and prediction of different tropical cyclone patterns using multi-source satellite data."
SIH26129,146/500,"Government Of Maharashtra","Miscellaneous","System integration and interoperability among government digital platforms,resulting in fragmented service delivery"
SIH26184,150/500,"Ministry of Home Affairs","Blockchain & Cybersecurity","Development of a Predictive Analytics Framework for Cybercrime Complaints to Forecast Likely Cash Withdrawal Locations in Advance, Enabling Generation of Actionable Intelligence for Timely and Proactive Cybercrime Intervention."
SIH26094,153/500,"Ministry of Social Justice and Empowerment (MoSJE)","MedTech / BioTech / HealthTech","AI-Powered Dynamic Mental Health Monitoring and Distress Prediction System for Victims of Atrocities"
SIH26054,155/500,"DRDO","Robotics and Drones","AI-Enabled Real-Time Digital Twin System for Health Monitoring, Fault Prediction and Mission Reliability Enhancement of Aero Piston Engines used in MALE UAVs."
SIH26168,156/500,"Indian Space Research Organisation(ISRO)","Smart Vehicles","AI-ML based Intelligent Dead Reckoning system for seamless navigation"
SIH26085,157/500,"Ministry of Earth Sciences (MoES)","Disaster Management","Urban Flood Nowcasting System (Drainage and Rainfall Coupling)"
SIH26153,157/500,"National Technical Research Organisation (NTRO)","Blockchain & Cybersecurity","AI based Network Attack Forecasting from Network Traffic Data"
SIH26095,158/500,"Ministry of Social Justice and Empowerment (MoSJE)","Smart Automation","Smart Real-Time Monitoring & Inspection Mobile App"
SIH26135,161/500,"Government Of Maharashtra","Miscellaneous","Difficulties in tracking employment outcomes,skill gaps, and the impact of skilling initiatives"
SIH26006,164/500,"Ministry of Steel","Transportation & Logistics","Development of an Intelligent Freight Forecasting Model for Optimized Vessel Chartering and Bulk Cargo Procurement from overseas to East Coast of India"
SIH26037,164/500,"MathWorks","Smart Vehicles","Adaptive Path Planning and Collision Avoidance for Autonomous Vehicles on Unstructured Indian Roads"
SIH26127,164/500,"Bharat Electronics Limited","Smart Automation","City-Wide AI Engine for Multi-Camera ANPR Trajectory Tracking and Urban Traffic Analytics"
SIH26176,165/500,"Indian Space Research Organisation(ISRO)","Space Technology","ORCA Marine EcOsystem Reasoning with Collaborative Agents"
SIH26075,166/500,"Ministry of Earth Sciences (MoES)","Smart Education","Participants are invited to design and develop **CAPACITY CONNECT A Digital Capacity Building and Learning Management Portal** to support organizational training, competency development, and knowledge sharing through a centralized web-based platform."
SIH26045,169/500,"Ministry of Ayush","MedTech / BioTech / HealthTech","IP-SAKTI Sahayak a multilingual, RAG-based (source-cited) AI assistant for Intellectual Property and regulatory guidance in Ayurveda, across national and international regimes."
SIH26145,169/500,"National Technical Research Organisation (NTRO)","Blockchain & Cybersecurity","AI-Based Detection of Cyber Threats in Unidirectional IP Traffic"
SIH26028,170/500,"Ministry of Railways","Smart Automation","Dynamic Forecast of Expected Time of Arrival (ETA) for Coaching Trains"
SIH26036,170/500,"Ministry of Consumer Affairs, Food & Public Distribution","Miscellaneous","Development of an Online Verification System for Weighing and Measuring Instruments"
SIH26191,178/500,"Ministry of Home Affairs","Disaster Management","Intelligent Identification of Hazard-Based Red Zones, Carrying Capacity Assessment, and Immediate Relocation Needs for Vulnerable Habitations"
SIH26103,181/500,"MoSPI","Smart Automation","Use case on web-based integrated project-monitoring platform"
SIH26162,185/500,"National Technical Research Organisation (NTRO)","Disaster Management","AI-Based Detection and Classification of Industrial Fires and Persistent Thermal Sources Using NASA FIRMS, OSM & Satellite Data"
SIH26195,185/500,"AICTE","Clean & Green Technology","Student Innovation-Solutions could be in the form of waste segregation, disposal, and improve sanitization system."
SIH26056,186/500,"MoSPI","Smart Automation","Development of a Real-time Airfare Price Index for India through Automated Web Scraping of Airline and Online Travel Aggregator Portals for Augmentation of the Consumer Price Index (CPI)."
SIH26100,190/500,"Ministry of Petroleum & Natural Gas","Smart Automation","AI-Powered Integrated Bid Compliance Verification Platform for GeM Procurement"
SIH26057,192/500,"Ministry of Earth Sciences (MoES)","Disaster Management","AI-Powered Automated Underwater Marine Debris and Anomaly Detection System using Side-Scan Sonar Imagery"
SIH26134,197/500,"Government Of Maharashtra","Miscellaneous","Challenges in aligning skill development programs with industry requirements and emerging job market demands"
SIH26171,199/500,"Indian Space Research Organisation(ISRO)","Smart Automation","On-device Visual Perception for Light-weight Browser Agents"
SIH26107,201/500,"Ministry of Consumer Affairs, Food & Public Distribution","Smart Automation","Al-powered Intelligent Assistant for Indian Standards and BIS Services for Industries and Consumers"
SIH26192,205/500,"Ministry of Home Affairs","Disaster Management","Flash Flood Prediction System for Hilly Regions using Multi-Source Data Theme"
SIH26229,214/500,"Ministry of Mines (MoM)","Clean & Green Technology","Kabadiwala Connect – Bringing the Informal Collector into the Formal Recycling Chain"
SIH26042,220/500,"Government of Jharkhand","Smart Education","Al-Powered Vernacular Pedagogy and Real-Time Translation Tool for Mother Tongue-Based Primary Education"
SIH26196,235/500,"AICTE","Fitness & Sports","Student Innovation-Ideas that can boost fitness activities and assist in keeping fit."
SIH26199,237/500,"AICTE","Miscellaneous","Student Innovation-Technology ideas in tertiary sectors like Hospitality, Financial Services, Entertainment and Retail."
SIH26124,241/500,"Bharat Electronics Limited","Smart Automation","AI-Powered Mobile Urban Intelligence Platform Using Public Transport Fleet"
SIH26091,243/500,"Ministry of Social Justice and Empowerment (MoSJE)","Agriculture, FoodTech & Rural Development","AI-Driven Hyper-Local Business Advisory and Financial Structuring Assistant for Rural Micro-Entrepreneurs"
SIH26018,249/500,"Ministry of Rural Development","Smart Automation","Intelligent Land Record Digitization and Validation System"
SIH26205,256/500,"AICTE","Transportation & Logistics","Student Innovation-Submit your ideas to address the growing pressures on the city’s resources, transport networks, and logistic infrastructure."
SIH26197,264/500,"AICTE","Heritage & Culture","Student Innovation-Ideas that showcase the rich cultural heritage and traditions of India."
SIH26190,268/500,"Ministry of Home Affairs","Blockchain & Cybersecurity","Secure Digital Document Management System for Legal and Investigation Documents"
SIH26092,277/500,"Ministry of Social Justice and Empowerment (MoSJE)","Smart Automation","AI-Driven Scheme Matching for Marginalized Entrepreneurs"
SIH26143,320/500,"National Technical Research Organisation (NTRO)","Disaster Management","Leveraging satellite imagery to determine Oil spills at sea along with AIS data correlations to identify vessel responsible for the spill."
SIH26187,342/500,"Ministry of Home Affairs","Blockchain & Cybersecurity","AI-Based Intelligent Video Analytics Platform for Border Surveillance using existing CCTV Infrastructure."
SIH26102,343/500,"MoSPI","Smart Automation","Development of an AI-powered system to detect anomalies, fraud, and inefficiencies in MPLAD Scheme implementation regd."
SIH26117,365/500,"Mangalore Refinery and Petrochemicals Limited (MRPL)","Smart Automation","Sovereign On-Premise Agentic AI Workbench using Open-Weight Multimodal LLMs for Confidential Industrial Work"
SIH26101,376/500,"MoSPI","Smart Education","Develop an AI enabled learning platform that identifies competency gaps, recommends personalized training through integration with the iGOT Karmayogi ecosystem, and capable of generating Quizzes and Multiple choice questions (MCQs) from uploaded learning materials to strengthen capacity building in India's Official Statistical System."
SIH26202,380/500,"AICTE","Smart Automation","Student Innovation-Ideas focused on the intelligent use of resources for transforming and advancements of technology with combining the artificial intelligence to explore more various sources and get valuable insights."
SIH26068,384/500,"Ministry of Earth Sciences (MoES)","Disaster Management","WeatherGPT: Conversational AI for Weather Forecasting, Alerts, and Climate Information"
SIH26206,453/500,"AICTE","Disaster Management","Student Innovation-Disaster management includes ideas related to risk mitigation, Planning and management before, after or during a disaster."
SIH26001,500/500,"Ministry of Development of North Eastern Region (MDoNER)","Disaster Management","AI-Based early warning and landslide Risk Monitoring System in NER"
SIH26002,500/500,"Ministry of Development of North Eastern Region (MDoNER)","Transportation & Logistics","Al-Based Smart Logistics and Accessibility Intelligence Platform for North Eastern Region (NER)"
SIH26003,500/500,"Ministry of Development of North Eastern Region (MDoNER)","MedTech / BioTech / HealthTech","AI-Based Cognitive Gaming and Memory Assistance Platform for Elderly Dementia Patients in North Eastern Region (NER)"
SIH26027,500/500,"Ministry of Railways","Transportation & Logistics","Al-Powered Automatic Block Planning to Maximize Asset Availability for Train Operations on Indian Railways"
SIH26032,500/500,"Ministry of Consumer Affairs, Food & Public Distribution","Smart Automation","Farmers often face long waiting times, lack of information regarding procurement schedules, and uncertainty about procurement status."
SIH26033,500/500,"Ministry of Consumer Affairs, Food & Public Distribution","Agriculture, FoodTech & Rural Development","Multiple intermediaries reduce farmers earnings and increase consumer prices."
SIH26034,500/500,"Ministry of Consumer Affairs, Food & Public Distribution","Miscellaneous","Software System to check compliance of Packaged Commodities under Legal Metrology(Packaged Commodities) Rules, 2011 by scanning products, images and labels."
SIH26038,500/500,"MathWorks","MedTech / BioTech / HealthTech","Explainable AI for Diabetic Retinopathy Screening in Rural India"
SIH26043,500/500,"Government of Jharkhand","Smart Education","A digital platform to crowdsource societal challenges and facilitate collaborative problem solving through universities and industry partnerships"
SIH26044,500/500,"Ministry of Ayush","Smart Automation","Portal for Academia - Industry collaboration for Skill Mapping, Internships and Placement"
SIH26047,500/500,"Ministry of Ayush","MedTech / BioTech / HealthTech","Patient Case-Taking Software"
SIH26089,500/500,"Ministry of Cooperation","Agriculture, FoodTech & Rural Development","Cooperative Gig Services Platform for Household & Community Services"
SIH26090,500/500,"Ministry of Social Justice and Empowerment (MoSJE)","Heritage & Culture","AI-Driven Market Linkage and Smart Cataloging Mobile Application for Marginalized Artisans"
SIH26104,500/500,"All India Council for Technical Education (Cyber Security Cell)","Blockchain & Cybersecurity","AI-Powered Real-Time Detection and Prevention of Voice Cloning Impersonation Attacks"
SIH26106,500/500,"All India Council for Technical Education (Cyber Security Cell)","Blockchain & Cybersecurity","AI-Powered Email Threat Detection, GeoLocation and Forensic Intelligence Platform"
SIH26131,500/500,"Government Of Maharashtra","Agriculture, FoodTech & Rural Development","Early detection and management of crop diseases and pest infestations"
SIH26132,500/500,"Government Of Maharashtra","Agriculture, FoodTech & Rural Development","Strengthening market linkages and price discovery for farmers"
SIH26133,500/500,"Government Of Maharashtra","MedTech / BioTech / HealthTech","Accessibility and quality of public healthcare services,particularly in rural and underserved areas"
SIH26167,500/500,"Indian Space Research Organisation(ISRO)","Space Technology","SatQuery AI - An Interactive Vision-Language Assistant for Multimodal Remote Sensing Image Analysis through Text Queries"
SIH26188,500/500,"Ministry of Home Affairs","Blockchain & Cybersecurity","Al-Based Fake Identity & Document Screening System"
SIH26189,500/500,"Ministry of Home Affairs","Blockchain & Cybersecurity","AI-Powered Criminal Network Analysis System"
SIH26193,500/500,"AICTE","Agriculture, FoodTech & Rural Development","Student Innovation-Developing solutions, keeping in mind the need to enhance the primary sector of India - Agriculture and to manage and process our agriculture produce."
SIH26198,500/500,"AICTE","MedTech / BioTech / HealthTech","Student Innovation-Cutting-edge technology in these sectors continues to be in demand. Recent shifts in healthcare trends, growing populations also present an array of opportunities for innovation."
SIH26204,500/500,"AICTE","Travel & Tourism","Student Innovation-A solution/idea that can boost the current situation of the tourism industries including hotels, travel and others."
SIH26207,500/500,"AICTE","Smart Education","Student Innovation-Smart education,a concept that describes learning in digital age. It enables learners to learn more effectively, efficiently, flexibly and comfortably."
